ParticipantID,ColorID,LightingTemperature,LightingIntensity,IdealMatch,TextureRenderCentroidUB,TextureRenderCentroidLB
1,3,7000K,Normal,(0.33143670:0.74392040:0.60835960),(0.34064340:0.73545460:0.60835960),(0.27140730:0.74392040:0.60835960)
1,1,7000K,Normal,(0.66753790:0.75253250:0.64016730),(0.67080750:0.75253250:0.64016730),(0.66100820:0.74859890:0.64016730)
1,2,7000K,Normal,(0.00096963:0.74386480:0.60822740),(0.00266229:0.74386480:0.60822740),(0.99637160:0.73953720:0.60822740)
1,1,7000K,High,(0.66754940:0.73562130:0.77535190),(0.67796570:0.73562130:0.77535190),(0.63668070:0.73172480:0.77535190)
1,3,7000K,High,(0.33140340:0.72701480:0.73917930),(0.36847420:0.71859640:0.73917930),(0.27020150:0.72701480:0.73917930)
1,2,7000K,High,(0.00099043:0.72751490:0.74053590),(0.00469690:0.72751490:0.74053590),(0.99078330:0.72319160:0.74053590)
1,1,7000K,Low,(0.66748540:0.79975370:0.45122350),(0.67922260:0.79975370:0.45122350),(0.64161720:0.79582490:0.45122350)
1,2,7000K,Low,(0.00094315:0.78956430:0.42044790),(0.01050703:0.78956430:0.42044790),(0.99147800:0.78509620:0.42044790)
1,3,7000K,Low,(0.33151750:0.79114030:0.42362040),(0.34286340:0.78252080:0.42362040),(0.26550920:0.79114030:0.42362040)
1,1,10000K,Normal,(0.66287900:0.80235840:0.64016730),(0.68052740:0.78412400:0.64016730),(0.65653200:0.80235840:0.64016730)
1,2,10000K,Normal,(0.99219360:0.73102070:0.51378220),(0.99760740:0.70692960:0.51378220),(0.98477770:0.73102070:0.51378220)
1,3,10000K,Normal,(0.34478010:0.77104900:0.55262320),(0.36081250:0.77104900:0.55262320),(0.27340500:0.71809280:0.55262320)
1,1,10000K,High,(0.66279980:0.78543080:0.77535190),(0.67516730:0.76720790:0.77535190),(0.65584000:0.78543080:0.77535190)
1,3,10000K,High,(0.34506200:0.75156840:0.66966780),(0.35341230:0.75156840:0.66966780),(0.30213010:0.69867890:0.66966780)
1,2,10000K,High,(0.99198450:0.71035570:0.62316360),(0.00377150:0.67619260:0.62316360),(0.97143190:0.71035570:0.62316360)
1,1,10000K,Low,(0.66323870:0.84837980:0.45122350),(0.68953000:0.83093050:0.45122350),(0.64844470:0.84837980:0.45122350)
1,2,10000K,Low,(0.99286160:0.78860340:0.36087690),(0.00960433:0.75482700:0.36087690),(0.97276400:0.78860340:0.36087690)
1,3,10000K,Low,(0.34378060:0.82388950:0.38847540),(0.37938230:0.82388950:0.38847540),(0.26460910:0.77224480:0.38847540)
1,3,4000K,Normal,(0.30099010:0.84197260:0.52833680),(0.36979450:0.67858010:0.52833680),(0.24098070:0.84197260:0.52833680)
1,1,4000K,Normal,(0.68858720:0.70443380:0.43743180),(0.70280000:0.70443380:0.43743180),(0.65567520:0.61178420:0.43743180)
1,2,4000K,Normal,(0.01390361:0.86799530:0.63249030),(0.01798749:0.86799530:0.63249030),(0.99842860:0.79558560:0.63249030)
1,3,4000K,High,(0.29999980:0.82279600:0.63937660),(0.34688700:0.65823600:0.63937660),(0.23918070:0.82279600:0.63937660)
1,2,4000K,High,(0.01431303:0.85298870:0.77068950),(0.03084430:0.85298870:0.77068950),(0.00154195:0.78701680:0.77068950)
1,1,4000K,High,(0.68988270:0.67342420:0.51980440),(0.70048330:0.67342420:0.51980440),(0.66287600:0.57961890:0.51980440)
1,3,4000K,Low,(0.30401670:0.89559450:0.37348010),(0.34289300:0.73805990:0.37348010),(0.23235820:0.89559450:0.37348010)
1,1,4000K,Low,(0.68437110:0.78605150:0.32889570),(0.69274000:0.78605150:0.32889570),(0.66028820:0.70255200:0.32889570)
1,2,4000K,Low,(0.01315668:0.91065310:0.43642620),(0.02155874:0.91065310:0.43642620),(0.99852910:0.83876600:0.43642620)
10,1,7000K,Normal,(0.66753790:0.75253250:0.64016730),(0.66942450:0.75253250:0.64016730),(0.66449670:0.74859890:0.64016730)
10,3,7000K,Normal,(0.33143670:0.74392040:0.60835960),(0.33908140:0.73545460:0.60835960),(0.31485570:0.74392040:0.60835960)
10,2,7000K,Normal,(0.00096963:0.74386480:0.60822740),(0.00649904:0.74386480:0.60822740),(0.99443910:0.73953720:0.60822740)
10,2,7000K,High,(0.00099043:0.72751490:0.74053590),(0.00662804:0.72751490:0.74053590),(0.99610530:0.72319160:0.74053590)
10,1,7000K,High,(0.66754940:0.73562130:0.77535190),(0.67321600:0.73562130:0.77535190),(0.65406030:0.73172480:0.77535190)
10,3,7000K,High,(0.33140340:0.72701480:0.73917930),(0.33517610:0.71859640:0.73917930),(0.30617290:0.72701480:0.73917930)
10,2,7000K,Low,(0.00094315:0.78956430:0.42044790),(0.00534886:0.78956430:0.42044790),(0.99447970:0.78509620:0.42044790)
10,3,7000K,Low,(0.33151750:0.79114030:0.42362040),(0.34683250:0.78252080:0.42362040),(0.30499660:0.79114030:0.42362040)
10,1,7000K,Low,(0.66748540:0.79975370:0.45122350),(0.67365530:0.79975370:0.45122350),(0.65558280:0.79582490:0.45122350)
10,3,10000K,Normal,(0.34478010:0.77104900:0.55262320),(0.34821850:0.77104900:0.55262320),(0.33266340:0.71809280:0.55262320)
10,1,10000K,Normal,(0.66287900:0.80235840:0.64016730),(0.66783240:0.78412400:0.64016730),(0.65373030:0.80235840:0.64016730)
10,2,10000K,Normal,(0.99219360:0.73102070:0.51378220),(0.99557010:0.71580710:0.51378220),(0.98956350:0.73102070:0.51378220)
10,3,10000K,High,(0.34506200:0.75156840:0.66966780),(0.35092130:0.75156840:0.66966780),(0.30843640:0.69867890:0.66966780)
10,1,10000K,High,(0.66279980:0.78543080:0.77535190),(0.67166520:0.76720790:0.77535190),(0.65527330:0.78543080:0.77535190)
10,2,10000K,High,(0.99198450:0.71035570:0.62316360),(0.99625650:0.69172930:0.62316360),(0.98541240:0.71035570:0.62316360)
10,3,10000K,Low,(0.34378060:0.82388950:0.38847540),(0.35507920:0.82388950:0.38847540),(0.31088520:0.77224480:0.38847540)
10,2,10000K,Low,(0.99286160:0.78860340:0.36087690),(0.00050764:0.75482700:0.36087690),(0.98921170:0.78860340:0.36087690)
10,1,10000K,Low,(0.66323870:0.84837980:0.45122350),(0.66745690:0.83093050:0.45122350),(0.65456380:0.84837980:0.45122350)
10,3,4000K,Normal,(0.30099010:0.84197260:0.52833680),(0.32557070:0.71172960:0.52833680),(0.29151590:0.84197260:0.52833680)
10,1,4000K,Normal,(0.68858720:0.70443380:0.43743180),(0.69093150:0.70443380:0.43743180),(0.67179110:0.63119120:0.43743180)
10,2,4000K,Normal,(0.01390361:0.86799530:0.63249030),(0.02015848:0.86799530:0.63249030),(0.00815104:0.83649550:0.63249030)
10,3,4000K,High,(0.29999980:0.82279600:0.63937660),(0.30923410:0.76950290:0.63937660),(0.29071330:0.82279600:0.63937660)
10,1,4000K,High,(0.68988270:0.67342420:0.51980440),(0.69911300:0.67342420:0.51980440),(0.68508880:0.65164730:0.51980440)
10,2,4000K,High,(0.01431303:0.85298870:0.77068950),(0.02464999:0.85298870:0.77068950),(0.00473989:0.80255980:0.77068950)
10,3,4000K,Low,(0.30401670:0.89559450:0.37348010),(0.32085380:0.79779650:0.37348010),(0.29855970:0.89559450:0.37348010)
10,2,4000K,Low,(0.01315668:0.91065310:0.43642620),(0.02075036:0.91065310:0.43642620),(0.99453380:0.83876600:0.43642620)
10,1,4000K,Low,(0.68437110:0.78605150:0.32889570),(0.68726690:0.78605150:0.32889570),(0.67082890:0.72054650:0.32889570)
11,2,7000K,High,(0.00099043:0.72751490:0.74053590),(0.00682074:0.72751490:0.74053590),(0.99260150:0.72319160:0.74053590)
11,1,7000K,High,(0.66754940:0.73562130:0.77535190),(0.67792340:0.73562130:0.77535190),(0.66077890:0.73172480:0.77535190)
11,3,7000K,High,(0.33140340:0.72701480:0.73917930),(0.33544260:0.71859640:0.73917930),(0.28781230:0.72701480:0.73917930)
11,3,7000K,Low,(0.33151750:0.79114030:0.42362040),(0.34254860:0.78252080:0.42362040),(0.27698780:0.79114030:0.42362040)
11,1,7000K,Low,(0.66748540:0.79975370:0.45122350),(0.67194300:0.79975370:0.45122350),(0.66425470:0.79582490:0.45122350)
11,2,7000K,Low,(0.00094315:0.78956430:0.42044790),(0.00968509:0.78956430:0.42044790),(0.99901310:0.78509620:0.42044790)
11,2,10000K,Normal,(0.99219360:0.73102070:0.51378220),(0.99499410:0.71835720:0.51378220),(0.97555700:0.73102070:0.51378220)
11,1,10000K,Normal,(0.66287900:0.80235840:0.64016730),(0.67828510:0.78412400:0.64016730),(0.65210800:0.80235840:0.64016730)
11,3,10000K,Normal,(0.34478010:0.77104900:0.55262320),(0.35050420:0.77104900:0.55262320),(0.27768450:0.71809280:0.55262320)
11,2,10000K,High,(0.99198450:0.71035570:0.62316360),(0.99474360:0.69821330:0.62316360),(0.98959640:0.71035570:0.62316360)
11,3,10000K,High,(0.34506200:0.75156840:0.66966780),(0.34594080:0.75156840:0.66966780),(0.29756480:0.69867890:0.66966780)
11,1,10000K,High,(0.66279980:0.78543080:0.77535190),(0.67412350:0.76720790:0.77535190),(0.65988390:0.78543080:0.77535190)
11,1,10000K,Low,(0.66323870:0.84837980:0.45122350),(0.67681820:0.83093050:0.45122350),(0.65691070:0.84837980:0.45122350)
11,2,10000K,Low,(0.99286160:0.78860340:0.36087690),(0.99777620:0.76503470:0.36087690),(0.98463500:0.78860340:0.36087690)
11,3,10000K,Low,(0.34378060:0.82388950:0.38847540),(0.36058170:0.82388950:0.38847540),(0.28176210:0.77224480:0.38847540)
11,1,4000K,Normal,(0.68858720:0.70443380:0.43743180),(0.69146780:0.70443380:0.43743180),(0.68727730:0.69811610:0.43743180)
11,3,4000K,Normal,(0.30099010:0.84197260:0.52833680),(0.30369130:0.82537470:0.52833680),(0.28148430:0.84197260:0.52833680)
11,2,4000K,Normal,(0.01390361:0.86799530:0.63249030),(0.01580288:0.86799530:0.63249030),(0.01246754:0.85991150:0.63249030)
11,1,4000K,High,(0.68988270:0.67342420:0.51980440),(0.70392500:0.67342420:0.51980440),(0.68708010:0.66052010:0.51980440)
11,3,4000K,High,(0.29999980:0.82279600:0.63937660),(0.30744300:0.77929310:0.63937660),(0.28142290:0.82279600:0.63937660)
11,2,4000K,High,(0.01431303:0.85298870:0.77068950),(0.01649509:0.85298870:0.77068950),(0.01120890:0.83595650:0.77068950)
11,3,4000K,Low,(0.30401670:0.89559450:0.37348010),(0.31621750:0.82252990:0.37348010),(0.26866000:0.89559450:0.37348010)
11,2,4000K,Low,(0.01315668:0.91065310:0.43642620),(0.02038275:0.91065310:0.43642620),(0.00582945:0.86916660:0.43642620)
11,1,4000K,Low,(0.68437110:0.78605150:0.32889570),(0.69536950:0.78605150:0.32889570),(0.67643840:0.74630850:0.32889570)
11,2,7000K,Normal,(0.00096963:0.74386480:0.60822740),(0.00275174:0.74386480:0.60822740),(0.99391970:0.73953720:0.60822740)
11,3,7000K,Normal,(0.33143670:0.74392040:0.60835960),(0.33326380:0.73576180:0.60835960),(0.30464180:0.74392040:0.60835960)
11,1,7000K,Normal,(0.66753790:0.75253250:0.64016730),(0.67638080:0.75253250:0.64016730),(0.66435780:0.74859890:0.64016730)
12,2,7000K,Low,(0.00094315:0.78956430:0.42044790),(0.01182837:0.78956430:0.42044790),(0.99700570:0.78509620:0.42044790)
12,3,7000K,Low,(0.33151750:0.79114030:0.42362040),(0.33321400:0.78308150:0.42362040),(0.28253070:0.79114030:0.42362040)
12,1,7000K,Low,(0.66748540:0.79975370:0.45122350),(0.67527910:0.79975370:0.45122350),(0.66069870:0.79582490:0.45122350)
12,2,10000K,Normal,(0.99219360:0.73102070:0.51378220),(0.99408620:0.72241450:0.51378220),(0.98789970:0.73102070:0.51378220)
12,1,10000K,Normal,(0.66287900:0.80235840:0.64016730),(0.67022260:0.78412400:0.64016730),(0.65916190:0.80235840:0.64016730)
12,3,10000K,Normal,(0.34478010:0.77104900:0.55262320),(0.34972660:0.77104900:0.55262320),(0.30887880:0.71809280:0.55262320)
12,3,10000K,High,(0.34506200:0.75156840:0.66966780),(0.34718620:0.75156840:0.66966780),(0.30197620:0.69867890:0.66966780)
12,2,10000K,High,(0.99198450:0.71035570:0.62316360),(0.00517716:0.67619260:0.62316360),(0.98635420:0.71035570:0.62316360)
12,1,10000K,High,(0.66279980:0.78543080:0.77535190),(0.67106960:0.76720790:0.77535190),(0.65927120:0.78543080:0.77535190)
12,1,10000K,Low,(0.66323870:0.84837980:0.45122350),(0.67813560:0.83093050:0.45122350),(0.66136290:0.84837980:0.45122350)
12,2,10000K,Low,(0.99286160:0.78860340:0.36087690),(0.99872180:0.76066050:0.36087690),(0.99215050:0.78860340:0.36087690)
12,3,10000K,Low,(0.34378060:0.82388950:0.38847540),(0.35089000:0.82388950:0.38847540),(0.28780100:0.77224480:0.38847540)
12,2,4000K,Normal,(0.01390361:0.86799530:0.63249030),(0.01610296:0.86799530:0.63249030),(0.01188569:0.85667900:0.63249030)
12,1,4000K,Normal,(0.68858720:0.70443380:0.43743180),(0.71545670:0.70443380:0.43743180),(0.68491760:0.68701640:0.43743180)
12,3,4000K,Normal,(0.30099010:0.84197260:0.52833680),(0.30320950:0.82828700:0.52833680),(0.23903600:0.84197260:0.52833680)
12,2,4000K,High,(0.01431303:0.85298870:0.77068950),(0.01660989:0.85298870:0.77068950),(0.01175986:0.83892970:0.77068950)
12,3,4000K,High,(0.29999980:0.82279600:0.63937660),(0.30062550:0.81895330:0.63937660),(0.23452010:0.82279600:0.63937660)
12,1,4000K,High,(0.68988270:0.67342420:0.51980440),(0.72972270:0.67342420:0.51980440),(0.68050270:0.63209300:0.51980440)
12,1,4000K,Low,(0.68437110:0.78605150:0.32889570),(0.69034190:0.78605150:0.32889570),(0.67524270:0.74066340:0.32889570)
12,2,4000K,Low,(0.01315668:0.91065310:0.43642620),(0.02152067:0.91065310:0.43642620),(0.00496184:0.86450310:0.43642620)
12,3,4000K,Low,(0.30401670:0.89559450:0.37348010),(0.31306730:0.84022810:0.37348010),(0.27866160:0.89559450:0.37348010)
12,3,7000K,Normal,(0.33143670:0.74392040:0.60835960),(0.34347720:0.73545460:0.60835960),(0.30724300:0.74392040:0.60835960)
12,2,7000K,Normal,(0.00096963:0.74386480:0.60822740),(0.00554534:0.74386480:0.60822740),(0.99539670:0.73953720:0.60822740)
12,1,7000K,Normal,(0.66753790:0.75253250:0.64016730),(0.67271880:0.75253250:0.64016730),(0.65737320:0.74859890:0.64016730)
12,3,7000K,High,(0.33140340:0.72701480:0.73917930),(0.35207690:0.71859640:0.73917930),(0.30286330:0.72701480:0.73917930)
12,2,7000K,High,(0.00099043:0.72751490:0.74053590),(0.00971912:0.72751490:0.74053590),(0.99171950:0.72319160:0.74053590)
12,1,7000K,High,(0.66754940:0.73562130:0.77535190),(0.67471310:0.73562130:0.77535190),(0.66414930:0.73172480:0.77535190)
13,1,10000K,Normal,(0.66287900:0.80235840:0.64016730),(0.67030280:0.78412400:0.64016730),(0.65906670:0.80235840:0.64016730)
13,2,10000K,Normal,(0.99219360:0.73102070:0.51378220),(0.00314998:0.69678120:0.51378220),(0.98609660:0.73102070:0.51378220)
13,3,10000K,Normal,(0.34478010:0.77104900:0.55262320),(0.34906240:0.77104900:0.55262320),(0.29147680:0.71809280:0.55262320)
13,1,10000K,High,(0.66279980:0.78543080:0.77535190),(0.67764900:0.76720790:0.77535190),(0.65732940:0.78543080:0.77535190)
13,2,10000K,High,(0.99198450:0.71035570:0.62316360),(0.00408841:0.67619260:0.62316360),(0.98396500:0.71035570:0.62316360)
13,3,10000K,High,(0.34506200:0.75156840:0.66966780),(0.34935160:0.75156840:0.66966780),(0.30594860:0.69867890:0.66966780)
13,1,10000K,Low,(0.66323870:0.84837980:0.45122350),(0.68995570:0.83093050:0.45122350),(0.65602270:0.84837980:0.45122350)
13,3,10000K,Low,(0.34378060:0.82388950:0.38847540),(0.35569970:0.82388950:0.38847540),(0.27207810:0.77224480:0.38847540)
13,2,10000K,Low,(0.99286160:0.78860340:0.36087690),(0.00407327:0.75482700:0.36087690),(0.98734160:0.78860340:0.36087690)
13,2,4000K,Normal,(0.01390361:0.86799530:0.63249030),(0.01860177:0.86799530:0.63249030),(0.00757506:0.83346710:0.63249030)
13,1,4000K,Normal,(0.68858720:0.70443380:0.43743180),(0.69563270:0.70443380:0.43743180),(0.68282510:0.67746510:0.43743180)
13,3,4000K,Normal,(0.30099010:0.84197260:0.52833680),(0.30957510:0.79139240:0.52833680),(0.27440110:0.84197260:0.52833680)
13,2,4000K,High,(0.01431303:0.85298870:0.77068950),(0.01642934:0.85298870:0.77068950),(0.01097589:0.83470540:0.77068950)
13,3,4000K,High,(0.29999980:0.82279600:0.63937660),(0.30603860:0.78714560:0.63937660),(0.27642570:0.82279600:0.63937660)
13,1,4000K,High,(0.68988270:0.67342420:0.51980440),(0.69605940:0.67342420:0.51980440),(0.68239500:0.64001780:0.51980440)
13,2,4000K,Low,(0.01315668:0.91065310:0.43642620),(0.01534898:0.91065310:0.43642620),(0.00757150:0.87868370:0.43642620)
13,1,4000K,Low,(0.68437110:0.78605150:0.32889570),(0.69821320:0.78605150:0.32889570),(0.67468050:0.73803880:0.32889570)
13,3,4000K,Low,(0.30401670:0.89559450:0.37348010),(0.31257010:0.84309180:0.37348010),(0.26252030:0.89559450:0.37348010)
13,2,7000K,Normal,(0.00096963:0.74386480:0.60822740),(0.00417404:0.74386480:0.60822740),(0.99826130:0.73953720:0.60822740)
13,1,7000K,Normal,(0.66753790:0.75253250:0.64016730),(0.68537680:0.75253250:0.64016730),(0.66593600:0.74859890:0.64016730)
13,3,7000K,Normal,(0.33143670:0.74392040:0.60835960),(0.33592420:0.73545460:0.60835960),(0.27509650:0.74392040:0.60835960)
13,3,7000K,High,(0.33140340:0.72701480:0.73917930),(0.33332980:0.71861160:0.73917930),(0.28619210:0.72701480:0.73917930)
13,1,7000K,High,(0.66754940:0.73562130:0.77535190),(0.68116160:0.73562130:0.77535190),(0.65914790:0.73172480:0.77535190)
13,2,7000K,High,(0.00099043:0.72751490:0.74053590),(0.00576374:0.72751490:0.74053590),(0.99023760:0.72319160:0.74053590)
13,1,7000K,Low,(0.66748540:0.79975370:0.45122350),(0.68657400:0.79975370:0.45122350),(0.65925500:0.79582490:0.45122350)
13,3,7000K,Low,(0.33151750:0.79114030:0.42362040),(0.33968230:0.78252080:0.42362040),(0.28255700:0.79114030:0.42362040)
13,2,7000K,Low,(0.00094315:0.78956430:0.42044790),(0.00550925:0.78956430:0.42044790),(0.99715320:0.78509620:0.42044790)
14,2,10000K,High,(0.99198450:0.71035570:0.62316360),(0.99773210:0.68552060:0.62316360),(0.98697190:0.71035570:0.62316360)
14,1,10000K,High,(0.66279980:0.78543080:0.77535190),(0.68334120:0.76720790:0.77535190),(0.65245130:0.78543080:0.77535190)
14,3,10000K,High,(0.34506200:0.75156840:0.66966780),(0.35235600:0.75156840:0.66966780),(0.28555990:0.69867890:0.66966780)
14,3,10000K,Low,(0.34378060:0.82388950:0.38847540),(0.34625200:0.82388950:0.38847540),(0.28545120:0.77224480:0.38847540)
14,1,10000K,Low,(0.66323870:0.84837980:0.45122350),(0.68507050:0.83093050:0.45122350),(0.65472830:0.84837980:0.45122350)
14,2,10000K,Low,(0.99286160:0.78860340:0.36087690),(0.99876110:0.76048000:0.36087690),(0.98226030:0.78860340:0.36087690)
14,2,4000K,Normal,(0.01390361:0.86799530:0.63249030),(0.02230176:0.86799530:0.63249030),(0.00679851:0.82941850:0.63249030)
14,3,4000K,Normal,(0.30099010:0.84197260:0.52833680),(0.31457170:0.76465730:0.52833680),(0.26596600:0.84197260:0.52833680)
14,1,4000K,Normal,(0.68858720:0.70443380:0.43743180),(0.70120840:0.70443380:0.43743180),(0.67742610:0.65400460:0.43743180)
14,1,4000K,High,(0.68988270:0.67342420:0.51980440),(0.70333130:0.67342420:0.51980440),(0.68580310:0.65480260:0.51980440)
14,3,4000K,High,(0.29999980:0.82279600:0.63937660),(0.31165210:0.75666910:0.63937660),(0.27487270:0.82279600:0.63937660)
14,2,4000K,High,(0.01431303:0.85298870:0.77068950),(0.01806284:0.85298870:0.77068950),(0.01038348:0.83154130:0.77068950)
14,1,4000K,Low,(0.68437110:0.78605150:0.32889570),(0.68840810:0.78605150:0.32889570),(0.67682750:0.74816360:0.32889570)
14,3,4000K,Low,(0.30401670:0.89559450:0.37348010),(0.32222710:0.79075370:0.37348010),(0.25964160:0.89559450:0.37348010)
14,2,4000K,Low,(0.01315668:0.91065310:0.43642620),(0.02119841:0.91065310:0.43642620),(0.00298153:0.85404420:0.43642620)
14,1,7000K,Normal,(0.66753790:0.75253250:0.64016730),(0.68495660:0.75253250:0.64016730),(0.66167550:0.74859890:0.64016730)
14,2,7000K,Normal,(0.00096963:0.74386480:0.60822740),(0.01639054:0.74386480:0.60822740),(0.99409420:0.73953720:0.60822740)
14,3,7000K,Normal,(0.33143670:0.74392040:0.60835960),(0.33556510:0.73545460:0.60835960),(0.27875430:0.74392040:0.60835960)
14,2,7000K,High,(0.00099043:0.72751490:0.74053590),(0.00605614:0.72751490:0.74053590),(0.99910580:0.72319160:0.74053590)
14,3,7000K,High,(0.33140340:0.72701480:0.73917930),(0.34011470:0.71859640:0.73917930),(0.27764290:0.72701480:0.73917930)
14,1,7000K,High,(0.66754940:0.73562130:0.77535190),(0.68742200:0.73562130:0.77535190),(0.66143180:0.73172480:0.77535190)
14,3,7000K,Low,(0.33151750:0.79114030:0.42362040),(0.34109970:0.78252080:0.42362040),(0.27204550:0.79114030:0.42362040)
14,2,7000K,Low,(0.00094315:0.78956430:0.42044790),(0.01557917:0.78956430:0.42044790),(0.99154670:0.78509620:0.42044790)
14,1,7000K,Low,(0.66748540:0.79975370:0.45122350),(0.68072800:0.79975370:0.45122350),(0.65622390:0.79582490:0.45122350)
14,1,10000K,Normal,(0.66287900:0.80235840:0.64016730),(0.68590070:0.78412400:0.64016730),(0.65712100:0.80235840:0.64016730)
14,3,10000K,Normal,(0.34478010:0.77104900:0.55262320),(0.34696710:0.77104900:0.55262320),(0.28447680:0.71809280:0.55262320)
14,2,10000K,Normal,(0.99219360:0.73102070:0.51378220),(0.00465261:0.69678120:0.51378220),(0.98660920:0.73102070:0.51378220)
15,1,10000K,Low,(0.66323870:0.84837980:0.45122350),(0.69177860:0.83093050:0.45122350),(0.65937700:0.84837980:0.45122350)
15,3,10000K,Low,(0.34378060:0.82388950:0.38847540),(0.34885260:0.82388950:0.38847540),(0.28004230:0.77224480:0.38847540)
15,2,10000K,Low,(0.99286160:0.78860340:0.36087690),(0.00068346:0.75482700:0.36087690),(0.98692540:0.78860340:0.36087690)
15,2,4000K,Normal,(0.01390361:0.86799530:0.63249030),(0.02143030:0.86799530:0.63249030),(0.01020694:0.84748720:0.63249030)
15,3,4000K,Normal,(0.30099010:0.84197260:0.52833680),(0.31680020:0.75330730:0.52833680),(0.25875210:0.84197260:0.52833680)
15,1,4000K,Normal,(0.68858720:0.70443380:0.43743180),(0.71314170:0.70443380:0.43743180),(0.67995460:0.66478610:0.43743180)
15,3,4000K,High,(0.29999980:0.82279600:0.63937660),(0.31324780:0.74843220:0.63937660),(0.26537020:0.82279600:0.63937660)
15,1,4000K,High,(0.68988270:0.67342420:0.51980440),(0.70198640:0.67342420:0.51980440),(0.68551690:0.65353470:0.51980440)
15,2,4000K,High,(0.01431303:0.85298870:0.77068950),(0.01810356:0.85298870:0.77068950),(0.00544765:0.80608300:0.77068950)
15,3,4000K,Low,(0.30401670:0.89559450:0.37348010),(0.32258540:0.78893670:0.37348010),(0.25404590:0.89559450:0.37348010)
15,2,4000K,Low,(0.01315668:0.91065310:0.43642620),(0.01619815:0.91065310:0.43642620),(0.00902290:0.88677360:0.43642620)
15,1,4000K,Low,(0.68437110:0.78605150:0.32889570),(0.69675730:0.78605150:0.32889570),(0.67094400:0.72105740:0.32889570)
15,3,7000K,Normal,(0.33143670:0.74392040:0.60835960),(0.33776980:0.73545460:0.60835960),(0.27561640:0.74392040:0.60835960)
15,2,7000K,Normal,(0.00096963:0.74386480:0.60822740),(0.00618838:0.74386480:0.60822740),(0.00034504:0.74107130:0.60822740)
15,1,7000K,Normal,(0.66753790:0.75253250:0.64016730),(0.68256000:0.75253250:0.64016730),(0.65594990:0.74859890:0.64016730)
15,2,7000K,High,(0.00099043:0.72751490:0.74053590),(0.00683078:0.72751490:0.74053590),(0.99672250:0.72319160:0.74053590)
15,1,7000K,High,(0.66754940:0.73562130:0.77535190),(0.67565540:0.73562130:0.77535190),(0.66481600:0.73172480:0.77535190)
15,3,7000K,High,(0.33140340:0.72701480:0.73917930),(0.34216450:0.71859640:0.73917930),(0.27957880:0.72701480:0.73917930)
15,3,7000K,Low,(0.33151750:0.79114030:0.42362040),(0.33479720:0.78252080:0.42362040),(0.29569480:0.79114030:0.42362040)
15,1,7000K,Low,(0.66748540:0.79975370:0.45122350),(0.67930410:0.79975370:0.45122350),(0.66302680:0.79582490:0.45122350)
15,2,7000K,Low,(0.00094315:0.78956430:0.42044790),(0.01591882:0.78956430:0.42044790),(0.99556820:0.78509620:0.42044790)
15,3,10000K,Normal,(0.34478010:0.77104900:0.55262320),(0.34679260:0.77104900:0.55262320),(0.28084850:0.71809280:0.55262320)
15,1,10000K,Normal,(0.66287900:0.80235840:0.64016730),(0.68562610:0.78412400:0.64016730),(0.65649720:0.80235840:0.64016730)
15,2,10000K,Normal,(0.99219360:0.73102070:0.51378220),(0.00287477:0.69678120:0.51378220),(0.98712370:0.73102070:0.51378220)
15,2,10000K,High,(0.99198450:0.71035570:0.62316360),(0.99705790:0.68834370:0.62316360),(0.97974320:0.71035570:0.62316360)
15,1,10000K,High,(0.66279980:0.78543080:0.77535190),(0.67848280:0.76720790:0.77535190),(0.65867300:0.78543080:0.77535190)
15,3,10000K,High,(0.34506200:0.75156840:0.66966780),(0.36097550:0.75156840:0.66966780),(0.28557380:0.69867890:0.66966780)
16,3,4000K,Normal,(0.30099010:0.84197260:0.52833680),(0.31773250:0.74865810:0.52833680),(0.26114750:0.84197260:0.52833680)
16,2,4000K,Normal,(0.01390361:0.86799530:0.63249030),(0.02116961:0.86799530:0.63249030),(0.00745389:0.83283280:0.63249030)
16,1,4000K,Normal,(0.68858720:0.70443380:0.43743180),(0.69696960:0.70443380:0.43743180),(0.68018480:0.66578510:0.43743180)
16,3,4000K,High,(0.29999980:0.82279600:0.63937660),(0.30935420:0.76885470:0.63937660),(0.28377610:0.82279600:0.63937660)
16,2,4000K,High,(0.01431303:0.85298870:0.77068950),(0.01664533:0.85298870:0.77068950),(0.01102060:0.83494520:0.77068950)
16,1,4000K,High,(0.68988270:0.67342420:0.51980440),(0.69788900:0.67342420:0.51980440),(0.68473760:0.65010730:0.51980440)
16,1,4000K,Low,(0.68437110:0.78605150:0.32889570),(0.69812480:0.78605150:0.32889570),(0.67748960:0.75134230:0.32889570)
16,3,4000K,Low,(0.30401670:0.89559450:0.37348010),(0.32610060:0.77154200:0.37348010),(0.25457910:0.89559450:0.37348010)
16,2,4000K,Low,(0.01315668:0.91065310:0.43642620),(0.01435825:0.91065310:0.43642620),(0.00573084:0.86863400:0.43642620)
16,2,7000K,Normal,(0.00096963:0.74386480:0.60822740),(0.00510579:0.74386480:0.60822740),(0.99869150:0.73953720:0.60822740)
16,1,7000K,Normal,(0.66753790:0.75253250:0.64016730),(0.68054840:0.75253250:0.64016730),(0.66463180:0.74859890:0.64016730)
16,3,7000K,Normal,(0.33143670:0.74392040:0.60835960),(0.33542540:0.73545460:0.60835960),(0.27103220:0.74392040:0.60835960)
16,1,7000K,High,(0.66754940:0.73562130:0.77535190),(0.67497350:0.73562130:0.77535190),(0.66540530:0.73172480:0.77535190)
16,3,7000K,High,(0.33140340:0.72701480:0.73917930),(0.33552330:0.71859640:0.73917930),(0.27458950:0.72701480:0.73917930)
16,2,7000K,High,(0.00099043:0.72751490:0.74053590),(0.00958128:0.72751490:0.74053590),(0.99490410:0.72319160:0.74053590)
16,3,7000K,Low,(0.33151750:0.79114030:0.42362040),(0.34125920:0.78252080:0.42362040),(0.27659160:0.79114030:0.42362040)
16,2,7000K,Low,(0.00094315:0.78956430:0.42044790),(0.00333018:0.78956430:0.42044790),(0.99793730:0.78509620:0.42044790)
16,1,7000K,Low,(0.66748540:0.79975370:0.45122350),(0.68512270:0.79975370:0.45122350),(0.66321990:0.79582490:0.45122350)
16,1,10000K,Normal,(0.66287900:0.80235840:0.64016730),(0.68211340:0.78412400:0.64016730),(0.65490970:0.80235840:0.64016730)
16,3,10000K,Normal,(0.34478010:0.77104900:0.55262320),(0.34833210:0.77104900:0.55262320),(0.28286180:0.71809280:0.55262320)
16,2,10000K,Normal,(0.99219360:0.73102070:0.51378220),(0.99996700:0.69691900:0.51378220),(0.98219280:0.73102070:0.51378220)
16,3,10000K,High,(0.34506200:0.75156840:0.66966780),(0.34902730:0.75156840:0.66966780),(0.28045880:0.69867890:0.66966780)
16,2,10000K,High,(0.99198450:0.71035570:0.62316360),(0.99814810:0.68379030:0.62316360),(0.98284120:0.71035570:0.62316360)
16,1,10000K,High,(0.66279980:0.78543080:0.77535190),(0.67979320:0.76720790:0.77535190),(0.65700200:0.78543080:0.77535190)
16,1,10000K,Low,(0.66323870:0.84837980:0.45122350),(0.68271330:0.83093050:0.45122350),(0.65716470:0.84837980:0.45122350)
16,3,10000K,Low,(0.34378060:0.82388950:0.38847540),(0.35441410:0.82388950:0.38847540),(0.28007980:0.77224480:0.38847540)
16,2,10000K,Low,(0.99286160:0.78860340:0.36087690),(0.99820130:0.76306240:0.36087690),(0.98535010:0.78860340:0.36087690)
17,2,4000K,High,(0.01431303:0.85298870:0.77068950),(0.02252577:0.85298870:0.77068950),(0.00991208:0.82904060:0.77068950)
17,3,4000K,High,(0.29999980:0.82279600:0.63937660),(0.31971570:0.71680280:0.63937660),(0.26422050:0.82279600:0.63937660)
17,1,4000K,High,(0.68988270:0.67342420:0.51980440),(0.69320110:0.67342420:0.51980440),(0.68146940:0.63611650:0.51980440)
17,3,4000K,Low,(0.30401670:0.89559450:0.37348010),(0.32789170:0.76297070:0.37348010),(0.26107570:0.89559450:0.37348010)
17,1,4000K,Low,(0.68437110:0.78605150:0.32889570),(0.70489960:0.78605150:0.32889570),(0.67809750:0.75428490:0.32889570)
17,2,4000K,Low,(0.01315668:0.91065310:0.43642620),(0.02155218:0.91065310:0.43642620),(0.00676822:0.87426950:0.43642620)
17,3,7000K,Normal,(0.33143670:0.74392040:0.60835960),(0.34497930:0.73545460:0.60835960),(0.27309260:0.74392040:0.60835960)
17,2,7000K,Normal,(0.00096963:0.74386480:0.60822740),(0.00321121:0.74386480:0.60822740),(0.99769100:0.73953720:0.60822740)
17,1,7000K,Normal,(0.66753790:0.75253250:0.64016730),(0.67466400:0.75253250:0.64016730),(0.66331240:0.74859890:0.64016730)
17,2,7000K,High,(0.00099043:0.72751490:0.74053590),(0.00716143:0.72751490:0.74053590),(0.99608980:0.72319160:0.74053590)
17,1,7000K,High,(0.66754940:0.73562130:0.77535190),(0.68473880:0.73562130:0.77535190),(0.65994240:0.73172480:0.77535190)
17,3,7000K,High,(0.33140340:0.72701480:0.73917930),(0.33850520:0.71859640:0.73917930),(0.27740890:0.72701480:0.73917930)
17,1,7000K,Low,(0.66748540:0.79975370:0.45122350),(0.67583540:0.79975370:0.45122350),(0.66177030:0.79582490:0.45122350)
17,2,7000K,Low,(0.00094315:0.78956430:0.42044790),(0.00751207:0.78956430:0.42044790),(0.99368270:0.78509620:0.42044790)
17,3,7000K,Low,(0.33151750:0.79114030:0.42362040),(0.33727430:0.78252080:0.42362040),(0.27691900:0.79114030:0.42362040)
17,3,10000K,Normal,(0.34478010:0.77104900:0.55262320),(0.35649760:0.77104900:0.55262320),(0.29284550:0.71809280:0.55262320)
17,2,10000K,Normal,(0.99219360:0.73102070:0.51378220),(0.99589650:0.71436970:0.51378220),(0.97560340:0.73102070:0.51378220)
17,1,10000K,Normal,(0.66287900:0.80235840:0.64016730),(0.68122670:0.78412400:0.64016730),(0.65522090:0.80235840:0.64016730)
17,1,10000K,High,(0.66279980:0.78543080:0.77535190),(0.67831300:0.76720790:0.77535190),(0.65537120:0.78543080:0.77535190)
17,2,10000K,High,(0.99198450:0.71035570:0.62316360),(0.99411650:0.70093630:0.62316360),(0.98494040:0.71035570:0.62316360)
17,3,10000K,High,(0.34506200:0.75156840:0.66966780),(0.35071100:0.75156840:0.66966780),(0.28105240:0.69867890:0.66966780)
17,2,10000K,Low,(0.99286160:0.78860340:0.36087690),(0.99717810:0.76782740:0.36087690),(0.98686120:0.78860340:0.36087690)
17,3,10000K,Low,(0.34378060:0.82388950:0.38847540),(0.34956230:0.82388950:0.38847540),(0.27603260:0.77224480:0.38847540)
17,1,10000K,Low,(0.66323870:0.84837980:0.45122350),(0.68492610:0.83093050:0.45122350),(0.65877340:0.84837980:0.45122350)
17,1,4000K,Normal,(0.68858720:0.70443380:0.43743180),(0.69249740:0.70443380:0.43743180),(0.68419760:0.68369930:0.43743180)
17,3,4000K,Normal,(0.30099010:0.84197260:0.52833680),(0.31923560:0.74128240:0.52833680),(0.27169220:0.84197260:0.52833680)
17,2,4000K,Normal,(0.01390361:0.86799530:0.63249030),(0.01776292:0.86799530:0.63249030),(0.00637350:0.82721940:0.63249030)
18,1,4000K,Low,(0.68437110:0.78605150:0.32889570),(0.70424030:0.78605150:0.32889570),(0.67984060:0.76285050:0.32889570)
18,2,4000K,Low,(0.01315668:0.91065310:0.43642620),(0.01491855:0.91065310:0.43642620),(0.00537135:0.86669810:0.43642620)
18,3,4000K,Low,(0.30401670:0.89559450:0.37348010),(0.32260750:0.78882440:0.37348010),(0.25757830:0.89559450:0.37348010)
18,1,7000K,Normal,(0.66753790:0.75253250:0.64016730),(0.67599220:0.75253250:0.64016730),(0.65929930:0.74859890:0.64016730)
18,2,7000K,Normal,(0.00096963:0.74386480:0.60822740),(0.00471320:0.74386480:0.60822740),(0.99715950:0.73953720:0.60822740)
18,3,7000K,Normal,(0.33143670:0.74392040:0.60835960),(0.34053400:0.73545460:0.60835960),(0.26951010:0.74392040:0.60835960)
18,2,7000K,High,(0.00099043:0.72751490:0.74053590),(0.00619178:0.72751490:0.74053590),(0.99430290:0.72319160:0.74053590)
18,1,7000K,High,(0.66754940:0.73562130:0.77535190),(0.68300150:0.73562130:0.77535190),(0.65738680:0.73172480:0.77535190)
18,3,7000K,High,(0.33140340:0.72701480:0.73917930),(0.34973560:0.71859640:0.73917930),(0.26139460:0.72701480:0.73917930)
18,3,7000K,Low,(0.33151750:0.79114030:0.42362040),(0.34049570:0.78252080:0.42362040),(0.26495290:0.79114030:0.42362040)
18,1,7000K,Low,(0.66748540:0.79975370:0.45122350),(0.67809630:0.79975370:0.45122350),(0.65852360:0.79582490:0.45122350)
18,2,7000K,Low,(0.00094315:0.78956430:0.42044790),(0.00634968:0.78956430:0.42044790),(0.99636600:0.78509620:0.42044790)
18,1,10000K,Normal,(0.66287900:0.80235840:0.64016730),(0.67650490:0.78412400:0.64016730),(0.65706430:0.80235840:0.64016730)
18,2,10000K,Normal,(0.99219360:0.73102070:0.51378220),(0.99503340:0.71818270:0.51378220),(0.98649080:0.73102070:0.51378220)
18,3,10000K,Normal,(0.34478010:0.77104900:0.55262320),(0.34891630:0.77104900:0.55262320),(0.28174420:0.71809280:0.55262320)
18,1,10000K,High,(0.66279980:0.78543080:0.77535190),(0.67542960:0.76720790:0.77535190),(0.65914820:0.78543080:0.77535190)
18,3,10000K,High,(0.34506200:0.75156840:0.66966780),(0.34778290:0.75156840:0.66966780),(0.28362700:0.69867890:0.66966780)
18,2,10000K,High,(0.99198450:0.71035570:0.62316360),(0.99551070:0.69491060:0.62316360),(0.99009010:0.71035570:0.62316360)
18,1,10000K,Low,(0.66323870:0.84837980:0.45122350),(0.67984770:0.83093050:0.45122350),(0.65683970:0.84837980:0.45122350)
18,2,10000K,Low,(0.99286160:0.78860340:0.36087690),(0.99914900:0.75870110:0.36087690),(0.98453040:0.78860340:0.36087690)
18,3,10000K,Low,(0.34378060:0.82388950:0.38847540),(0.34845900:0.82388950:0.38847540),(0.27366620:0.77224480:0.38847540)
18,1,4000K,Normal,(0.68858720:0.70443380:0.43743180),(0.69688470:0.70443380:0.43743180),(0.67708130:0.65256120:0.43743180)
18,2,4000K,Normal,(0.01390361:0.86799530:0.63249030),(0.02274766:0.86799530:0.63249030),(0.00239957:0.80720730:0.63249030)
18,3,4000K,Normal,(0.30099010:0.84197260:0.52833680),(0.31699290:0.75234140:0.52833680),(0.26515050:0.84197260:0.52833680)
18,3,4000K,High,(0.29999980:0.82279600:0.63937660),(0.30935420:0.76885470:0.63937660),(0.27182740:0.82279600:0.63937660)
18,2,4000K,High,(0.01431303:0.85298870:0.77068950),(0.01659174:0.85298870:0.77068950),(0.01053404:0.83234320:0.77068950)
18,1,4000K,High,(0.68988270:0.67342420:0.51980440),(0.69506080:0.67342420:0.51980440),(0.68564040:0.65408120:0.51980440)
2,3,7000K,High,(0.33140340:0.72701480:0.73917930),(0.34242250:0.71859640:0.73917930),(0.28026140:0.72701480:0.73917930)
2,2,7000K,High,(0.00099043:0.72751490:0.74053590),(0.01010382:0.72751490:0.74053590),(0.99716010:0.72319160:0.74053590)
2,1,7000K,High,(0.66754940:0.73562130:0.77535190),(0.67818550:0.73562130:0.77535190),(0.66181740:0.73172480:0.77535190)
2,3,7000K,Low,(0.33151750:0.79114030:0.42362040),(0.34152210:0.78252080:0.42362040),(0.29403820:0.79114030:0.42362040)
2,1,7000K,Low,(0.66748540:0.79975370:0.45122350),(0.67196780:0.79975370:0.45122350),(0.66384520:0.79582490:0.45122350)
2,2,7000K,Low,(0.00094315:0.78956430:0.42044790),(0.00901188:0.78956430:0.42044790),(0.99122790:0.78509620:0.42044790)
2,3,10000K,Normal,(0.34478010:0.77104900:0.55262320),(0.36821320:0.77104900:0.55262320),(0.29569480:0.71809280:0.55262320)
2,2,10000K,Normal,(0.99219360:0.73102070:0.51378220),(0.00499064:0.69678120:0.51378220),(0.98601310:0.73102070:0.51378220)
2,1,10000K,Normal,(0.66287900:0.80235840:0.64016730),(0.69616790:0.78412400:0.64016730),(0.63848480:0.80235840:0.64016730)
2,2,10000K,High,(0.99198450:0.71035570:0.62316360),(0.99388980:0.70192590:0.62316360),(0.98764210:0.71035570:0.62316360)
2,3,10000K,High,(0.34506200:0.75156840:0.66966780),(0.36299780:0.75156840:0.66966780),(0.28363080:0.69867890:0.66966780)
2,1,10000K,High,(0.66279980:0.78543080:0.77535190),(0.69153330:0.76720790:0.77535190),(0.63909320:0.78543080:0.77535190)
2,2,10000K,Low,(0.99286160:0.78860340:0.36087690),(0.99871390:0.76069700:0.36087690),(0.98817030:0.78860340:0.36087690)
2,3,10000K,Low,(0.34378060:0.82388950:0.38847540),(0.34602200:0.82388950:0.38847540),(0.27397250:0.77224480:0.38847540)
2,1,10000K,Low,(0.66323870:0.84837980:0.45122350),(0.69340440:0.83093050:0.45122350),(0.64287690:0.84837980:0.45122350)
2,2,4000K,Normal,(0.01390361:0.86799530:0.63249030),(0.01837282:0.86799530:0.63249030),(0.00038990:0.79745130:0.63249030)
2,1,4000K,Normal,(0.68858720:0.70443380:0.43743180),(0.71101350:0.70443380:0.43743180),(0.68475840:0.68627980:0.43743180)
2,3,4000K,Normal,(0.30099010:0.84197260:0.52833680),(0.31183690:0.77906270:0.52833680),(0.26490660:0.84197260:0.52833680)
2,3,4000K,High,(0.29999980:0.82279600:0.63937660),(0.30880760:0.77181130:0.63937660),(0.27157420:0.82279600:0.63937660)
2,2,4000K,High,(0.01431303:0.85298870:0.77068950),(0.02825332:0.85298870:0.77068950),(0.00894028:0.82393260:0.77068950)
2,1,4000K,High,(0.68988270:0.67342420:0.51980440),(0.70793420:0.67342420:0.51980440),(0.67592840:0.61372390:0.51980440)
2,3,4000K,Low,(0.30401670:0.89559450:0.37348010),(0.32203790:0.79171650:0.37348010),(0.29488540:0.89559450:0.37348010)
2,2,4000K,Low,(0.01315668:0.91065310:0.43642620),(0.02180319:0.91065310:0.43642620),(0.00684998:0.87471680:0.43642620)
2,1,4000K,Low,(0.68437110:0.78605150:0.32889570),(0.70897030:0.78605150:0.32889570),(0.66654760:0.70255200:0.32889570)
2,2,7000K,Normal,(0.00096963:0.74386480:0.60822740),(0.01488167:0.74386480:0.60822740),(0.99537110:0.73953720:0.60822740)
2,3,7000K,Normal,(0.33143670:0.74392040:0.60835960),(0.36024050:0.73545460:0.60835960),(0.26181030:0.74392040:0.60835960)
2,1,7000K,Normal,(0.66753790:0.75253250:0.64016730),(0.69181180:0.75253250:0.64016730),(0.64482840:0.74859890:0.64016730)
3,1,7000K,Low,(0.66748540:0.79975370:0.45122350),(0.68573450:0.79975370:0.45122350),(0.63191120:0.79582490:0.45122350)
3,2,7000K,Low,(0.00094315:0.78956430:0.42044790),(0.00823367:0.78956430:0.42044790),(0.99355660:0.78509620:0.42044790)
3,3,7000K,Low,(0.33151750:0.79114030:0.42362040),(0.34215720:0.78252080:0.42362040),(0.29857470:0.79114030:0.42362040)
3,3,10000K,Normal,(0.34478010:0.77104900:0.55262320),(0.35521780:0.77104900:0.55262320),(0.28390530:0.71809280:0.55262320)
3,2,10000K,Normal,(0.99219360:0.73102070:0.51378220),(0.99455650:0.72030680:0.51378220),(0.99019150:0.73102070:0.51378220)
3,1,10000K,Normal,(0.66287900:0.80235840:0.64016730),(0.69047280:0.78412400:0.64016730),(0.65262780:0.80235840:0.64016730)
3,2,10000K,High,(0.99198450:0.71035570:0.62316360),(0.02406902:0.67619260:0.62316360),(0.98729620:0.71035570:0.62316360)
3,3,10000K,High,(0.34506200:0.75156840:0.66966780),(0.36013170:0.75156840:0.66966780),(0.27389930:0.69867890:0.66966780)
3,1,10000K,High,(0.66279980:0.78543080:0.77535190),(0.67141840:0.76720790:0.77535190),(0.65992440:0.78543080:0.77535190)
3,2,10000K,Low,(0.99286160:0.78860340:0.36087690),(0.99392040:0.78340360:0.36087690),(0.98955950:0.78860340:0.36087690)
3,1,10000K,Low,(0.66323870:0.84837980:0.45122350),(0.67394380:0.83093050:0.45122350),(0.66017670:0.84837980:0.45122350)
3,3,10000K,Low,(0.34378060:0.82388950:0.38847540),(0.35334910:0.82388950:0.38847540),(0.33263530:0.77224480:0.38847540)
3,3,4000K,Normal,(0.30099010:0.84197260:0.52833680),(0.30680070:0.80706100:0.52833680),(0.28297800:0.84197260:0.52833680)
3,1,4000K,Normal,(0.68858720:0.70443380:0.43743180),(0.70437120:0.70443380:0.43743180),(0.68665100:0.69513490:0.43743180)
3,2,4000K,Normal,(0.01390361:0.86799530:0.63249030),(0.01763535:0.86799530:0.63249030),(0.01022461:0.84758290:0.63249030)
3,3,4000K,High,(0.29999980:0.82279600:0.63937660),(0.32328970:0.70044610:0.63937660),(0.25846630:0.82279600:0.63937660)
3,1,4000K,High,(0.68988270:0.67342420:0.51980440),(0.69717570:0.67342420:0.51980440),(0.65618980:0.57961890:0.51980440)
3,2,4000K,High,(0.01431303:0.85298870:0.77068950),(0.01725787:0.85298870:0.77068950),(0.01153488:0.83771310:0.77068950)
3,2,4000K,Low,(0.01315668:0.91065310:0.43642620),(0.01754257:0.91065310:0.43642620),(0.00894097:0.88631300:0.43642620)
3,3,4000K,Low,(0.30401670:0.89559450:0.37348010),(0.31759010:0.81504860:0.37348010),(0.27854630:0.89559450:0.37348010)
3,1,4000K,Low,(0.68437110:0.78605150:0.32889570),(0.69361530:0.78605150:0.32889570),(0.67159590:0.72396340:0.32889570)
3,3,7000K,Normal,(0.33143670:0.74392040:0.60835960),(0.34362770:0.73545460:0.60835960),(0.28467770:0.74392040:0.60835960)
3,2,7000K,Normal,(0.00096963:0.74386480:0.60822740),(0.01114415:0.74386480:0.60822740),(0.99312650:0.73953720:0.60822740)
3,1,7000K,Normal,(0.66753790:0.75253250:0.64016730),(0.68889270:0.75253250:0.64016730),(0.65745720:0.74859890:0.64016730)
3,3,7000K,High,(0.33140340:0.72701480:0.73917930),(0.34020280:0.71859640:0.73917930),(0.29552620:0.72701480:0.73917930)
3,1,7000K,High,(0.66754940:0.73562130:0.77535190),(0.68746850:0.73562130:0.77535190),(0.65204750:0.73172480:0.77535190)
3,2,7000K,High,(0.00099043:0.72751490:0.74053590),(0.00436568:0.72751490:0.74053590),(0.99926260:0.72319160:0.74053590)
4,3,10000K,Normal,(0.34478010:0.77104900:0.55262320),(0.34795740:0.77104900:0.55262320),(0.28557730:0.71809280:0.55262320)
4,1,10000K,Normal,(0.66287900:0.80235840:0.64016730),(0.67614750:0.78412400:0.64016730),(0.65880340:0.80235840:0.64016730)
4,2,10000K,Normal,(0.99219360:0.73102070:0.51378220),(0.99461070:0.72006500:0.51378220),(0.98275110:0.73102070:0.51378220)
4,1,10000K,High,(0.66279980:0.78543080:0.77535190),(0.67335430:0.76720790:0.77535190),(0.65771450:0.78543080:0.77535190)
4,2,10000K,High,(0.99198450:0.71035570:0.62316360),(0.99328690:0.70457160:0.62316360),(0.98799430:0.71035570:0.62316360)
4,3,10000K,High,(0.34506200:0.75156840:0.66966780),(0.34623110:0.75156840:0.66966780),(0.29934300:0.69867890:0.66966780)
4,3,10000K,Low,(0.34378060:0.82388950:0.38847540),(0.34610530:0.82388950:0.38847540),(0.29563130:0.77224480:0.38847540)
4,1,10000K,Low,(0.66323870:0.84837980:0.45122350),(0.67285820:0.83093050:0.45122350),(0.66106510:0.84837980:0.45122350)
4,2,10000K,Low,(0.99286160:0.78860340:0.36087690),(0.99479430:0.77916360:0.36087690),(0.97757680:0.78860340:0.36087690)
4,2,4000K,Normal,(0.01390361:0.86799530:0.63249030),(0.02175467:0.86799530:0.63249030),(0.01076243:0.85050680:0.63249030)
4,3,4000K,Normal,(0.30099010:0.84197260:0.52833680),(0.30788500:0.80086400:0.52833680),(0.28038900:0.84197260:0.52833680)
4,1,4000K,Normal,(0.68858720:0.70443380:0.43743180),(0.69343500:0.70443380:0.43743180),(0.68060730:0.66762710:0.43743180)
4,3,4000K,High,(0.29999980:0.82279600:0.63937660),(0.30994320:0.76569410:0.63937660),(0.28649650:0.82279600:0.63937660)
4,2,4000K,High,(0.01431303:0.85298870:0.77068950),(0.01705025:0.85298870:0.77068950),(0.00863682:0.82235060:0.77068950)
4,1,4000K,High,(0.68988270:0.67342420:0.51980440),(0.69281850:0.67342420:0.51980440),(0.68597800:0.65557990:0.51980440)
4,2,4000K,Low,(0.01315668:0.91065310:0.43642620),(0.01664051:0.91065310:0.43642620),(0.00595918:0.86986820:0.43642620)
4,3,4000K,Low,(0.30401670:0.89559450:0.37348010),(0.31153040:0.84914230:0.37348010),(0.29647980:0.89559450:0.37348010)
4,1,4000K,Low,(0.68437110:0.78605150:0.32889570),(0.68820410:0.78605150:0.32889570),(0.68326660:0.78026620:0.32889570)
4,1,7000K,Normal,(0.66753790:0.75253250:0.64016730),(0.67072750:0.75253250:0.64016730),(0.66147740:0.74859890:0.64016730)
4,2,7000K,Normal,(0.00096963:0.74386480:0.60822740),(0.00288640:0.74386480:0.60822740),(0.99292220:0.73953720:0.60822740)
4,3,7000K,Normal,(0.33143670:0.74392040:0.60835960),(0.34368850:0.73545460:0.60835960),(0.29348260:0.74392040:0.60835960)
4,3,7000K,High,(0.33140340:0.72701480:0.73917930),(0.33422420:0.71859640:0.73917930),(0.27788770:0.72701480:0.73917930)
4,1,7000K,High,(0.66754940:0.73562130:0.77535190),(0.67384940:0.73562130:0.77535190),(0.66178410:0.73172480:0.77535190)
4,2,7000K,High,(0.00099043:0.72751490:0.74053590),(0.00217304:0.72751490:0.74053590),(0.99117170:0.72319160:0.74053590)
4,1,7000K,Low,(0.66748540:0.79975370:0.45122350),(0.68350440:0.79975370:0.45122350),(0.65633820:0.79582490:0.45122350)
4,2,7000K,Low,(0.00094315:0.78956430:0.42044790),(0.00271249:0.78956430:0.42044790),(0.98885070:0.78509620:0.42044790)
4,3,7000K,Low,(0.33151750:0.79114030:0.42362040),(0.33429830:0.78252080:0.42362040),(0.28460760:0.79114030:0.42362040)
5,3,10000K,High,(0.34506200:0.75156840:0.66966780),(0.35089810:0.75156840:0.66966780),(0.30428260:0.69867890:0.66966780)
5,2,10000K,High,(0.99198450:0.71035570:0.62316360),(0.99479060:0.69800990:0.62316360),(0.98589390:0.71035570:0.62316360)
5,1,10000K,High,(0.66279980:0.78543080:0.77535190),(0.68452260:0.76720790:0.77535190),(0.65716790:0.78543080:0.77535190)
5,3,10000K,Low,(0.34378060:0.82388950:0.38847540),(0.35125400:0.82388950:0.38847540),(0.30379110:0.77224480:0.38847540)
5,1,10000K,Low,(0.66323870:0.84837980:0.45122350),(0.68245870:0.83093050:0.45122350),(0.65143680:0.84837980:0.45122350)
5,2,10000K,Low,(0.99286160:0.78860340:0.36087690),(0.99936880:0.75769630:0.36087690),(0.99022730:0.78860340:0.36087690)
5,1,4000K,Normal,(0.68858720:0.70443380:0.43743180),(0.69080330:0.70443380:0.43743180),(0.68109260:0.66975500:0.43743180)
5,2,4000K,Normal,(0.01390361:0.86799530:0.63249030),(0.01704435:0.86799530:0.63249030),(0.00937438:0.84300140:0.63249030)
5,3,4000K,Normal,(0.30099010:0.84197260:0.52833680),(0.30762380:0.80234810:0.52833680),(0.28758360:0.84197260:0.52833680)
5,1,4000K,High,(0.68988270:0.67342420:0.51980440),(0.69090840:0.67342420:0.51980440),(0.68203710:0.63850360:0.51980440)
5,3,4000K,High,(0.29999980:0.82279600:0.63937660),(0.31109840:0.75956990:0.63937660),(0.27365690:0.82279600:0.63937660)
5,2,4000K,High,(0.01431303:0.85298870:0.77068950),(0.01908178:0.85298870:0.77068950),(0.01362025:0.84912750:0.77068950)
5,1,4000K,Low,(0.68437110:0.78605150:0.32889570),(0.69379190:0.78605150:0.32889570),(0.68258050:0.77671510:0.32889570)
5,2,4000K,Low,(0.01315668:0.91065310:0.43642620),(0.01497856:0.91065310:0.43642620),(0.01083792:0.89710240:0.43642620)
5,3,4000K,Low,(0.30401670:0.89559450:0.37348010),(0.31437230:0.83280490:0.37348010),(0.27685270:0.89559450:0.37348010)
5,2,7000K,Normal,(0.00096963:0.74386480:0.60822740),(0.00731082:0.74386480:0.60822740),(0.99805350:0.73953720:0.60822740)
5,1,7000K,Normal,(0.66753790:0.75253250:0.64016730),(0.67555200:0.75253250:0.64016730),(0.66171800:0.74859890:0.64016730)
5,3,7000K,Normal,(0.33143670:0.74392040:0.60835960),(0.33257040:0.73883660:0.60835960),(0.27867200:0.74392040:0.60835960)
5,1,7000K,High,(0.66754940:0.73562130:0.77535190),(0.67276050:0.73562130:0.77535190),(0.66385300:0.73172480:0.77535190)
5,3,7000K,High,(0.33140340:0.72701480:0.73917930),(0.33888520:0.71859640:0.73917930),(0.28441870:0.72701480:0.73917930)
5,2,7000K,High,(0.00099043:0.72751490:0.74053590),(0.00818221:0.72751490:0.74053590),(0.99690530:0.72319160:0.74053590)
5,3,7000K,Low,(0.33151750:0.79114030:0.42362040),(0.33587610:0.78252080:0.42362040),(0.27379550:0.79114030:0.42362040)
5,1,7000K,Low,(0.66748540:0.79975370:0.45122350),(0.67166280:0.79975370:0.45122350),(0.65316150:0.79582490:0.45122350)
5,2,7000K,Low,(0.00094315:0.78956430:0.42044790),(0.01125378:0.78956430:0.42044790),(0.99579760:0.78509620:0.42044790)
5,2,10000K,Normal,(0.99219360:0.73102070:0.51378220),(0.00271557:0.69678120:0.51378220),(0.99027340:0.73102070:0.51378220)
5,3,10000K,Normal,(0.34478010:0.77104900:0.55262320),(0.34840500:0.77104900:0.55262320),(0.28632840:0.71809280:0.55262320)
5,1,10000K,Normal,(0.66287900:0.80235840:0.64016730),(0.68131900:0.78412400:0.64016730),(0.65765710:0.80235840:0.64016730)
6,1,10000K,Low,(0.66323870:0.84837980:0.45122350),(0.70821700:0.83093050:0.45122350),(0.63958500:0.84837980:0.45122350)
6,2,10000K,Low,(0.99286160:0.78860340:0.36087690),(0.00356317:0.75482700:0.36087690),(0.98704950:0.78860340:0.36087690)
6,3,10000K,Low,(0.34378060:0.82388950:0.38847540),(0.36579850:0.82388950:0.38847540),(0.27443860:0.77224480:0.38847540)
6,1,4000K,Normal,(0.68858720:0.70443380:0.43743180),(0.71592470:0.70443380:0.43743180),(0.66086190:0.61178420:0.43743180)
6,2,4000K,Normal,(0.01390361:0.86799530:0.63249030),(0.01738760:0.86799530:0.63249030),(0.00518238:0.82111780:0.63249030)
6,3,4000K,Normal,(0.30099010:0.84197260:0.52833680),(0.34496670:0.67858010:0.52833680),(0.25727700:0.84197260:0.52833680)
6,2,4000K,High,(0.01431303:0.85298870:0.77068950),(0.01701891:0.85298870:0.77068950),(0.01049245:0.83212150:0.77068950)
6,1,4000K,High,(0.68988270:0.67342420:0.51980440),(0.71644740:0.67342420:0.51980440),(0.66978190:0.59065920:0.51980440)
6,3,4000K,High,(0.29999980:0.82279600:0.63937660),(0.33006030:0.67142160:0.63937660),(0.25406110:0.82279600:0.63937660)
6,3,4000K,Low,(0.30401670:0.89559450:0.37348010),(0.33388600:0.73805990:0.37348010),(0.25263970:0.89559450:0.37348010)
6,2,4000K,Low,(0.01315668:0.91065310:0.43642620),(0.02096619:0.91065310:0.43642620),(0.00440030:0.86151150:0.43642620)
6,1,4000K,Low,(0.68437110:0.78605150:0.32889570),(0.70543720:0.78605150:0.32889570),(0.66844030:0.71010880:0.32889570)
6,1,7000K,Normal,(0.66753790:0.75253250:0.64016730),(0.70067030:0.75253250:0.64016730),(0.64739950:0.74859890:0.64016730)
6,2,7000K,Normal,(0.00096963:0.74386480:0.60822740),(0.00488507:0.74386480:0.60822740),(0.99572210:0.73953720:0.60822740)
6,3,7000K,Normal,(0.33143670:0.74392040:0.60835960),(0.35073630:0.73545460:0.60835960),(0.27044790:0.74392040:0.60835960)
6,1,7000K,High,(0.66754940:0.73562130:0.77535190),(0.69585470:0.73562130:0.77535190),(0.63170600:0.73172480:0.77535190)
6,2,7000K,High,(0.00099043:0.72751490:0.74053590),(0.00904656:0.72751490:0.74053590),(0.98690180:0.72319160:0.74053590)
6,3,7000K,High,(0.33140340:0.72701480:0.73917930),(0.34964000:0.71859640:0.73917930),(0.26516360:0.72701480:0.73917930)
6,1,7000K,Low,(0.66748540:0.79975370:0.45122350),(0.68943300:0.79975370:0.45122350),(0.63915610:0.79582490:0.45122350)
6,3,7000K,Low,(0.33151750:0.79114030:0.42362040),(0.34034300:0.78252080:0.42362040),(0.26687350:0.79114030:0.42362040)
6,2,7000K,Low,(0.00094315:0.78956430:0.42044790),(0.01397099:0.78956430:0.42044790),(0.98492310:0.78509620:0.42044790)
6,2,10000K,Normal,(0.99219360:0.73102070:0.51378220),(0.00100263:0.69678120:0.51378220),(0.98289460:0.73102070:0.51378220)
6,3,10000K,Normal,(0.34478010:0.77104900:0.55262320),(0.35008960:0.77104900:0.55262320),(0.27645330:0.71809280:0.55262320)
6,1,10000K,Normal,(0.66287900:0.80235840:0.64016730),(0.69539810:0.78412400:0.64016730),(0.63981700:0.80235840:0.64016730)
6,2,10000K,High,(0.99198450:0.71035570:0.62316360),(0.00038388:0.67619260:0.62316360),(0.98483670:0.71035570:0.62316360)
6,3,10000K,High,(0.34506200:0.75156840:0.66966780),(0.36186470:0.75156840:0.66966780),(0.25505010:0.69867890:0.66966780)
6,1,10000K,High,(0.66279980:0.78543080:0.77535190),(0.68985670:0.76720790:0.77535190),(0.63809700:0.78543080:0.77535190)
7,2,4000K,Normal,(0.01390361:0.86799530:0.63249030),(0.02254243:0.86799530:0.63249030),(0.01300950:0.86294440:0.63249030)
7,3,4000K,Normal,(0.30099010:0.84197260:0.52833680),(0.31318830:0.77187680:0.52833680),(0.26431870:0.84197260:0.52833680)
7,1,4000K,Normal,(0.68858720:0.70443380:0.43743180),(0.69087430:0.70443380:0.43743180),(0.68417920:0.68361540:0.43743180)
7,1,4000K,High,(0.68988270:0.67342420:0.51980440),(0.69184450:0.67342420:0.51980440),(0.68657890:0.65826400:0.51980440)
7,2,4000K,High,(0.01431303:0.85298870:0.77068950),(0.01560539:0.85298870:0.77068950),(0.01319421:0.84677030:0.77068950)
7,3,4000K,High,(0.29999980:0.82279600:0.63937660),(0.30347520:0.80189430:0.63937660),(0.27527130:0.82279600:0.63937660)
7,3,4000K,Low,(0.30401670:0.89559450:0.37348010),(0.30556190:0.88563170:0.37348010),(0.29438690:0.89559450:0.37348010)
7,2,4000K,Low,(0.01315668:0.91065310:0.43642620),(0.02258503:0.91065310:0.43642620),(0.00919715:0.88775490:0.43642620)
7,1,4000K,Low,(0.68437110:0.78605150:0.32889570),(0.69661550:0.78605150:0.32889570),(0.67440370:0.73675340:0.32889570)
7,2,7000K,Normal,(0.00096963:0.74386480:0.60822740),(0.00247400:0.74386480:0.60822740),(0.99531990:0.73953720:0.60822740)
7,1,7000K,Normal,(0.66753790:0.75253250:0.64016730),(0.67787070:0.75253250:0.64016730),(0.66087390:0.74859890:0.64016730)
7,3,7000K,Normal,(0.33143670:0.74392040:0.60835960),(0.33774020:0.73545460:0.60835960),(0.29828710:0.74392040:0.60835960)
7,2,7000K,High,(0.00099043:0.72751490:0.74053590),(0.00242570:0.72751490:0.74053590),(0.99600520:0.72319160:0.74053590)
7,1,7000K,High,(0.66754940:0.73562130:0.77535190),(0.68165160:0.73562130:0.77535190),(0.66410420:0.73172480:0.77535190)
7,3,7000K,High,(0.33140340:0.72701480:0.73917930),(0.33704290:0.71859640:0.73917930),(0.30170170:0.72701480:0.73917930)
7,1,7000K,Low,(0.66748540:0.79975370:0.45122350),(0.67320900:0.79975370:0.45122350),(0.65981310:0.79582490:0.45122350)
7,3,7000K,Low,(0.33151750:0.79114030:0.42362040),(0.33642150:0.78252080:0.42362040),(0.28914690:0.79114030:0.42362040)
7,2,7000K,Low,(0.00094315:0.78956430:0.42044790),(0.00345612:0.78956430:0.42044790),(0.98765090:0.78509620:0.42044790)
7,1,10000K,Normal,(0.66287900:0.80235840:0.64016730),(0.67505520:0.78412400:0.64016730),(0.65854850:0.80235840:0.64016730)
7,2,10000K,Normal,(0.99219360:0.73102070:0.51378220),(0.00077760:0.69678120:0.51378220),(0.99036090:0.73102070:0.51378220)
7,3,10000K,Normal,(0.34478010:0.77104900:0.55262320),(0.34752800:0.77104900:0.55262320),(0.30016950:0.71809280:0.55262320)
7,1,10000K,High,(0.66279980:0.78543080:0.77535190),(0.67390560:0.76720790:0.77535190),(0.65273320:0.78543080:0.77535190)
7,3,10000K,High,(0.34506200:0.75156840:0.66966780),(0.35415670:0.75156840:0.66966780),(0.33667090:0.71295620:0.66966780)
7,2,10000K,High,(0.99198450:0.71035570:0.62316360),(0.99427610:0.70024130:0.62316360),(0.99088420:0.71035570:0.62316360)
7,2,10000K,Low,(0.99286160:0.78860340:0.36087690),(0.99904960:0.75915600:0.36087690),(0.98733120:0.78860340:0.36087690)
7,1,10000K,Low,(0.66323870:0.84837980:0.45122350),(0.67368600:0.83093050:0.45122350),(0.65556960:0.84837980:0.45122350)
7,3,10000K,Low,(0.34378060:0.82388950:0.38847540),(0.34470270:0.82388950:0.38847540),(0.32363470:0.77224480:0.38847540)
8,3,4000K,High,(0.29999980:0.82279600:0.63937660),(0.31599230:0.73467640:0.63937660),(0.29226510:0.82279600:0.63937660)
8,1,4000K,High,(0.68988270:0.67342420:0.51980440),(0.69186610:0.67342420:0.51980440),(0.68532010:0.65266590:0.51980440)
8,2,4000K,High,(0.01431303:0.85298870:0.77068950),(0.01750747:0.85298870:0.77068950),(0.01308883:0.84618940:0.77068950)
8,3,4000K,Low,(0.30401670:0.89559450:0.37348010),(0.30552530:0.88586470:0.37348010),(0.29102890:0.89559450:0.37348010)
8,2,4000K,Low,(0.01315668:0.91065310:0.43642620),(0.01524922:0.91065310:0.43642620),(0.00714240:0.87632010:0.43642620)
8,1,4000K,Low,(0.68437110:0.78605150:0.32889570),(0.70358840:0.78605150:0.32889570),(0.67920490:0.75970380:0.32889570)
8,2,7000K,Normal,(0.00096963:0.74386480:0.60822740),(0.00320391:0.74386480:0.60822740),(0.99871330:0.73953720:0.60822740)
8,3,7000K,Normal,(0.33143670:0.74392040:0.60835960),(0.33439800:0.73545460:0.60835960),(0.32806890:0.74392040:0.60835960)
8,1,7000K,Normal,(0.66753790:0.75253250:0.64016730),(0.67320040:0.75253250:0.64016730),(0.66342920:0.74859890:0.64016730)
8,2,7000K,High,(0.00099043:0.72751490:0.74053590),(0.00353561:0.72751490:0.74053590),(0.99903110:0.72319160:0.74053590)
8,3,7000K,High,(0.33140340:0.72701480:0.73917930),(0.34470470:0.71859640:0.73917930),(0.32644490:0.72701480:0.73917930)
8,1,7000K,High,(0.66754940:0.73562130:0.77535190),(0.66864540:0.73562130:0.77535190),(0.66410910:0.73172480:0.77535190)
8,1,7000K,Low,(0.66748540:0.79975370:0.45122350),(0.66857140:0.79975370:0.45122350),(0.66262140:0.79582490:0.45122350)
8,3,7000K,Low,(0.33151750:0.79114030:0.42362040),(0.34220670:0.78252080:0.42362040),(0.32559230:0.79114030:0.42362040)
8,2,7000K,Low,(0.00094315:0.78956430:0.42044790),(0.00285890:0.78956430:0.42044790),(0.99487820:0.78509620:0.42044790)
8,1,10000K,Normal,(0.66287900:0.80235840:0.64016730),(0.66916940:0.78412400:0.64016730),(0.65525340:0.80235840:0.64016730)
8,2,10000K,Normal,(0.99219360:0.73102070:0.51378220),(0.99550560:0.71609180:0.51378220),(0.98768310:0.73102070:0.51378220)
8,3,10000K,Normal,(0.34478010:0.77104900:0.55262320),(0.35199210:0.77104900:0.55262320),(0.33488360:0.72483480:0.55262320)
8,1,10000K,High,(0.66279980:0.78543080:0.77535190),(0.66541750:0.77300150:0.77535190),(0.65880250:0.78543080:0.77535190)
8,3,10000K,High,(0.34506200:0.75156840:0.66966780),(0.35147390:0.75156840:0.66966780),(0.33499400:0.70571060:0.66966780)
8,2,10000K,High,(0.99198450:0.71035570:0.62316360),(0.99794360:0.68463990:0.62316360),(0.98630870:0.71035570:0.62316360)
8,2,10000K,Low,(0.99286160:0.78860340:0.36087690),(0.99606170:0.77309530:0.36087690),(0.97987670:0.78860340:0.36087690)
8,3,10000K,Low,(0.34378060:0.82388950:0.38847540),(0.35527270:0.82388950:0.38847540),(0.31766550:0.77224480:0.38847540)
8,1,10000K,Low,(0.66323870:0.84837980:0.45122350),(0.66737820:0.83093050:0.45122350),(0.65617530:0.84837980:0.45122350)
8,3,4000K,Normal,(0.30099010:0.84197260:0.52833680),(0.31159130:0.78038270:0.52833680),(0.29664360:0.84197260:0.52833680)
8,2,4000K,Normal,(0.01390361:0.86799530:0.63249030),(0.01705115:0.86799530:0.63249030),(0.01014557:0.84715490:0.63249030)
8,1,4000K,Normal,(0.68858720:0.70443380:0.43743180),(0.69422430:0.70443380:0.43743180),(0.67865680:0.65920770:0.43743180)
9,3,4000K,Low,(0.30401670:0.89559450:0.37348010),(0.31014940:0.85731580:0.37348010),(0.29243520:0.89559450:0.37348010)
9,2,4000K,Low,(0.01315668:0.91065310:0.43642620),(0.01701588:0.91065310:0.43642620),(0.00716893:0.87646590:0.43642620)
9,1,4000K,Low,(0.68437110:0.78605150:0.32889570),(0.70422550:0.78605150:0.32889570),(0.67297050:0.73016920:0.32889570)
9,3,7000K,Normal,(0.33143670:0.74392040:0.60835960),(0.34011140:0.73545460:0.60835960),(0.32203220:0.74392040:0.60835960)
9,2,7000K,Normal,(0.00096963:0.74386480:0.60822740),(0.00570311:0.74386480:0.60822740),(0.99235650:0.73953720:0.60822740)
9,1,7000K,Normal,(0.66753790:0.75253250:0.64016730),(0.67079660:0.75253250:0.64016730),(0.65747060:0.74859890:0.64016730)
9,1,7000K,High,(0.66754940:0.73562130:0.77535190),(0.67182070:0.73562130:0.77535190),(0.66434100:0.73172480:0.77535190)
9,3,7000K,High,(0.33140340:0.72701480:0.73917930),(0.33860930:0.71859640:0.73917930),(0.31309290:0.72701480:0.73917930)
9,2,7000K,High,(0.00099043:0.72751490:0.74053590),(0.00415748:0.72751490:0.74053590),(0.99599020:0.72319160:0.74053590)
9,2,7000K,Low,(0.00094315:0.78956430:0.42044790),(0.00832961:0.78956430:0.42044790),(0.99736090:0.78509620:0.42044790)
9,1,7000K,Low,(0.66748540:0.79975370:0.45122350),(0.66999630:0.79975370:0.45122350),(0.66026820:0.79582490:0.45122350)
9,3,7000K,Low,(0.33151750:0.79114030:0.42362040),(0.33822370:0.78252080:0.42362040),(0.31250950:0.79114030:0.42362040)
9,3,10000K,Normal,(0.34478010:0.77104900:0.55262320),(0.36616700:0.77104900:0.55262320),(0.31995450:0.71809280:0.55262320)
9,1,10000K,Normal,(0.66287900:0.80235840:0.64016730),(0.66887990:0.78412400:0.64016730),(0.65538160:0.80235840:0.64016730)
9,2,10000K,Normal,(0.99219360:0.73102070:0.51378220),(0.99757960:0.70704900:0.51378220),(0.98774770:0.73102070:0.51378220)
9,2,10000K,High,(0.99198450:0.71035570:0.62316360),(0.00436576:0.67619260:0.62316360),(0.98460190:0.71035570:0.62316360)
9,3,10000K,High,(0.34506200:0.75156840:0.66966780),(0.35384910:0.75156840:0.66966780),(0.33072030:0.69867890:0.66966780)
9,1,10000K,High,(0.66279980:0.78543080:0.77535190),(0.66796520:0.76720790:0.77535190),(0.65457030:0.78543080:0.77535190)
9,1,10000K,Low,(0.66323870:0.84837980:0.45122350),(0.66426480:0.84308020:0.45122350),(0.64496080:0.84837980:0.45122350)
9,2,10000K,Low,(0.99286160:0.78860340:0.36087690),(0.00181517:0.75482700:0.36087690),(0.98836900:0.78860340:0.36087690)
9,3,10000K,Low,(0.34378060:0.82388950:0.38847540),(0.35550240:0.82388950:0.38847540),(0.31506040:0.77224480:0.38847540)
9,3,4000K,Normal,(0.30099010:0.84197260:0.52833680),(0.31263740:0.77479000:0.52833680),(0.29726700:0.84197260:0.52833680)
9,2,4000K,Normal,(0.01390361:0.86799530:0.63249030),(0.02134712:0.86799530:0.63249030),(0.00739246:0.83251150:0.63249030)
9,1,4000K,Normal,(0.68858720:0.70443380:0.43743180),(0.69309100:0.70443380:0.43743180),(0.68564130:0.69038290:0.43743180)
9,2,4000K,High,(0.01431303:0.85298870:0.77068950),(0.02050132:0.85298870:0.77068950),(0.00837674:0.82099930:0.77068950)
9,1,4000K,High,(0.68988270:0.67342420:0.51980440),(0.69344440:0.67342420:0.51980440),(0.67889770:0.62552370:0.51980440)
9,3,4000K,High,(0.29999980:0.82279600:0.63937660),(0.30180640:0.81179700:0.63937660),(0.28810160:0.82279600:0.63937660)
